timestamp,event_type,voltage,current,frequency,power_factor,active_power,reactive_power,ml_anomaly,anomaly_score,overall_status
2026-09-07 22:37:52,OVERVOLTAGE_STARTED,265.0,10.031566157381388,49.98771945861666,0.9115113587008836,2423.1299219733155,1093.318811250953,True,-0.04110940800817575,ALARM
2026-09-07 22:37:52,OVERVOLTAGE_CLEARED,229.99437476680333,9.985384892895148,49.99178212319464,0.9157889974084733,2103.184852577918,922.4445730340935,False,0.1811532274876469,NORMAL
2026-09-07 22:37:52,OVERCURRENT_STARTED,229.56926409649617,30.0,49.952233422378114,0.9273358565621912,6386.634304838285,2577.352240631637,True,-0.0696567701437526,ALARM
2026-09-07 22:37:52,OVERCURRENT_CLEARED,231.33672747219796,10.175584121327388,50.00223958736284,0.9118242533179458,2146.4218283530668,966.5014123674144,False,0.17545321164984584,NORMAL
2026-09-07 22:37:52,UNDERFREQUENCY_STARTED,229.41024458763437,10.269558680023511,47.0,0.913208096484181,2151.465280564416,960.0310963169508,False,0.07198267335431463,ALARM
2026-09-07 22:37:52,UNDERFREQUENCY_CLEARED,231.20987086219938,9.897454117287495,49.98631684932289,0.9271256487939185,2121.6242182040005,857.5752423456131,False,0.17269384902456436,NORMAL
2026-09-07 22:37:52,OVERFREQUENCY_STARTED,231.0452770887753,10.02840415685971,53.0,0.9230296610067549,2138.673955066967,891.4225470378558,False,0.08910495624441656,ALARM
2026-09-07 22:37:53,OVERFREQUENCY_CLEARED,229.25265840999154,9.857052154650727,49.97461253901363,0.9114137768887476,2059.5722135646924,929.8692448808566,False,0.15853897041982146,NORMAL
2026-09-07 22:42:26,OVERVOLTAGE_STARTED,265.0,10.25893707119411,49.98771247463424,0.9232073116747609,2509.8483142464797,1044.771281351316,True,-0.045581744365975174,ALARM
